type,danger,url,thoughts,domain,title
D9,85,https://www.ahdath.info/article/233577/%D9%85%D8%AC%D8%AA%D9%85%D8%B9/%D9%88%D9%82%D8%A7%D8%A6%D8%B9/%D8%A7%D9%84%D9%8A%D9%88%D8%B3%D9%81%D9%8A%D8%A9%D8%B1%D8%B5%D8%A7%D8%B5%D8%A9-%D8%AA%D8%B3%D8%AA%D9%86%D9%81%D8%B1-%D8%A7%D9%84%D8%A3%D8%AC%D9%87%D8%B2%D8%A9-%D8%A7%D9%84%D8%A3%D9%85%D9%86%D9%8A%D8%A9,Сайт `https://www.ahdath.info/article/233577/,ahdath.info,Юсефия...пуля мобилизует спецслужбы
" уверенностью сказать, что сайт легитимен, необходима дополнительная проверка. ",11,https://arynews.tv/pm-shehbaz-uae-president-reaffirm-to-strengthen-bilateral-ties/,"Сайт `vapeclearance.de` выглядит как интернет-магазин электронных сигарет и вейпов.  URL-адрес не содержит подозрительных поддоменов или символов.  На скриншоте отображается стандартная страница с каталогом товаров, поиском и выбором языка. Признаков мошенничества, таких как всплывающие окна с просьбой оплатить товар или ссылки на азартные игры, нет.  Однако, сайт продаёт товары, которые могут содержать элементы 18+ контента.  Нельзя со 100",arynews.tv,
""" и общая презентация выглядят слишком заманчиво, чтобы быть правдой.  Отсутствует информация о компании, которая стоит за сайтом.  Контент сайта не является контентом 18+.  В целом, сайт вызывает подозрение из-за не внушающего доверия URL и рекламных обещаний. ",11,http://dailyinfos.xyz/,"Сайт dailyinfos.xyz представляет собой рассылку ежедневных предложений и акций.  URL-адрес выглядит подозрительно из-за использования домена .xyz, который часто используется мошенниками.  Хотя на сайте нет явных признаков мошенничества, таких как запросы на оплату или ссылки на азартные игры, обещание ""скидок до 100",dailyinfos.xyz,Рассылка - Ежедневные предложения и акции
D0,11,http://mobilephoneloans-21.live/?%D0%BA%D0%B21=%D0%A1%D0%9C%D0%A1%D0%B0%D0%BF%D0%BB%D0%B8%D0%BA%D0%B0%D1%86%D0%B8%D1%98%D0%B0%D0%B7%D0%B0%D0%B7%D0%B0%D1%98%D0%B0%D0%BC&%D0%BA%D0%B22=24-%D1%87%D0%B0%D1%81%D0%BE%D0%B2%D0%BD%D0%B0%D0%A1%D0%9C%D0%A1%D0%B0%D0%BF%D0%BB%D0%B8%D0%BA%D0%B0%D1%86%D0%B8%D1%98%D0%B0%D0%B7%D0%B0%D0%B7%D0%B0%D1%98%D0%B0%D0%BC&%D0%BA%D0%B23=%D0%A1%D0%9C%D0%A1%D0%B0%D0%BF%D0%BB%D0%B8%D0%BA%D0%B0%D1%86%D0%B8%D1%98%D0%B0%D0%B7%D0%B0%D1%85%D0%B8%D1%82%D0%BD%D0%B8%D0%B7%D0%B0%D1%98%D0%B0%D0%BC&%D0%BA%D0%B24=%D0%9F%D0%BE%D1%82%D1%80%D0%B5%D0%B1%D0%B0%D0%BD%D0%B2%D0%B0%D0%BC%D1%98%D0%B5%D1%85%D0%B8%D1%82%D0%B0%D0%BD%D0%B3%D0%BE%D1%82%D0%BE%D0%B2%D0%B8%D0%BD%D1%81%D0%BA%D0%B8%D0%B7%D0%B0%D1%98%D0%B0%D0%BC&%D0%BA%D0%B25=%D0%9F%D1%80%D0%B8%D1%98%D0%B0%D0%B2%D0%B8%D1%82%D0%B5%D1%81%D0%B5%D0%B7%D0%B0%D1%85%D0%B8%D1%82%D0%B0%D0%BD%D0%B3%D0%BE%D1%82%D0%BE%D0%B2%D0%B8%D0%BD%D1%81%D0%BA%D0%B8%D0%B7%D0%B0%D1%98%D0%B0%D0%BC&%D0%BA%D0%B26=%D0%9B%D0%BE%D1%88%D0%BA%D1%80%D0%B5%D0%B4%D0%B8%D1%82%D0%B7%D0%B0%D1%98%D0%B0%D0%BC&%D0%BA%D0%B27=%D0%A6%D1%80%D0%BD%D0%B0%D0%BB%D0%B8%D1%81%D1%82%D0%B0%D0%BA%D1%80%D0%B5%D0%B4%D0%B8%D1%82%D0%B0&%D0%BA%D0%B27=%D0%91%D0%BB%D0%B0%D1%86%D0%BA%D0%BA%D1%80%D0%B5%D0%B4%D0%B8%D1%82%D0%BD%D0%B0%D0%BB%D0%B8%D1%81%D1%82%D0%B0&%D0%BA%D0%B2%D0%BB%D0%BE%D0%B28=%D0%9F%D0%BE%D1%82%D1%80%D0%B5%D0%B1%D0%B0%D0%BD%D0%B2%D0%B0%D0%BC%D1%98%D0%B5%D0%B4%D0%B8%D1%80%D0%B5%D0%BA%D1%82%D0%BD%D0%B8%D0%B7%D0%B0%D1%98%D0%B0%D0%BC%D0%BD%D0%B0%D1%86%D1%80%D0%BD%D0%BE%D1%98%D0%BB%D0%B8%D1%81%D1%82%D0%B8&%D0%BA%D0%B29=%D0%91%D0%B5%D0%B7%D0%BE%D0%B4%D0%B1%D0%B8%D1%98%D0%B0%D1%9A%D0%B0%D0%BA%D1%80%D0%B5%D0%B4%D0%B8%D1%82%D0%B0&%D0%B0%D0%B4%D1%82%D0%B8%D1%82%D0%BB%D0%B5=%D0%A5%D0%B8%D1%82%D0%BD%D0%BE%D0%B2%D0%B0%D0%BC%D1%82%D1%80%D0%B5%D0%B1%D0%B0%D0%BD%D0%BE%D0%B2%D0%B0%D1%86%D0%B4%D0%B0%D0%BD%D0%B0%D1%81&sub1=clickid&sub2=ad.id&sub3=campaign.id&network=facebook&site=placement&pxfb[id]=1283989256289210&pxfb[ec]=Purchase,URL-адрес `http://mobilephoneloans-21.live/?,mobilephoneloans-21.live,mobilephoneloans-21.live - mobilephoneloans 21 Ресурсы и информация.
2BPgaBqmTkA6Niudi,11,https://us8.proxysite.com/process.php?d=V0IL8hQWtiQ2d7DzSG4MTADo2w0sg2ZM%2BPgaBqmTkA6Niudi%2BZ0rRBiXeL8zV1FrqZxM9r0rVbJHeOKJs9aq6VmcslVHLi8pbsXEf0vOhaI6MjcXWggsJpmAgRFNVgU%2BcdYD6TIy6R2M8%2BGLpHK1%2FQ%3D%3D&b=1&f=norefer,URL адрес `https://us8.proxysite.com/process.php?d=V0IL8hQWtiQ2d7DzSG4MTADo2w0sg2ZM,proxysite.com,ProxySite.com — бесплатный веб-прокси-сайт
3A,11,https://r.mrd.ninja/http%3A%2F%2Fmontorestaurantdublin.com,"Я вижу сообщение об ошибке ""Извините, вам заблокирован доступ к eljefesalem.com"" от Cloudflare.  Это означает, что я не могу получить доступ к целевому веб-сайту, и, следовательно, не могу оценить его содержание.  URL-адрес  `https://r.mrd.ninja/http",mrd.ninja,Перенаправление
D0,11,https://rhetoric.bg/%D0%BF%D1%80%D0%B5%D0%B4%D0%B8%D0%B7%D0%B2%D0%B8%D0%BA%D0%B0%D1%82%D0%B5%D0%BB%D1%81%D1%82%D0%B2%D0%B0-%D0%B8-%D0%BF%D0%B5%D1%80%D1%81%D0%BF%D0%B5%D0%BA%D1%82%D0%B8%D0%B2%D0%B8-%D0%BF%D1%80%D0%B5?utm_source=chatgpt.com,URL адрес `https://rhetoric.bg/,rhetoric.bg,Вызовы и перспективы для СМИ и социальных сетей | РИТОРИКА И КОММУНИКАЦИИ
мошенничество,10,http://app1.ftrans01.com/CNRVTSH?id=10401=IEUEAAIHDAUCRQlWUV1WBAsAXwYGBAZUB1JUCF5bXVUFWFYJBgcODAdYC1pWVQdQWAEaQ1MIBwEHV1YIDVcMBCNeWVFaWxZWXFREUwBXUgcJBlEHA1dbCQVWVQNECk1FEwMbH1JHSAQdX0wQVgoXBggaBV9bSSB/YTIyYnBdUFUfTwc=&fl=C01AQEANFxpaVFkFXgpWBgsBSEdGAw1WWgoDQVcVXEMGXRpTXFoXQkMUWw1ZEAFYTRtUH18IB1RLShZZSA==,"URL-адрес выглядит подозрительно. Он содержит длинную, зашифрованную строку, что не характерно для легитимных сайтов.  Также, сам браузер Chrome маркирует сайт как опасный, предупреждая о возможности обмана и кражи личной информации.  Это сильный признак мошенничества.  Наличие такого предупреждения от браузера само по себе является достаточным основанием для высокой оценки опасности.  Я не вижу контент 18+ или признаки онлайн-казино, но потенциальная угроза безопасности и обмана слишком велика.

",ftrans01.com,
мошенничество,10,https://expressdrivinglicense16179.actoblog.com/32194503/buy-a1-and-a2-motocycle-licence-online-the-process-isn-t-as-hard-as-you-think,"Сайт расположен по адресу `expressdrivinglicense16179.actoblog.com`.  URL-адрес вызывает подозрение из-за наличия длинного числового идентификатора (`16179`) в доменном имени и использования платформы `actoblog.com`, которая часто используется для создания блогов, а не для легитимной продажи лицензий.  Заголовок сайта ""Купить права на мотоцикл A1 и A2 онлайн. Процесс не такой сложный, как вы думаете""  также настораживает.  Продажа водительских прав онлайн — это незаконная деятельность во многих странах.  Сайт выглядит непрофессионально и не внушает доверия. Отсутствуют какие-либо реквизиты компании, контактная информация выглядит минимальной, а сам сайт представляет собой простую страницу с одной картинкой и текстом, характерном для мошеннических сайтов.  Вероятность мошенничества очень высока.  На сайте нет контента 18+.",actoblog.com,"Купить права на мотоцикл A1 и A2 онлайн. Процесс не такой сложный, как вы думаете"
18+,10,https://www.016967.xyz/video/2100.html,"Сайт содержит заголовок ""Porn Chatting Sites"" и статьи с явным сексуальным подтекстом, например, ""What's Really Happening With Sex Toy Shop Near Me"" и ""How to Sell Nude Girls Sex"". URL-адрес  `https://www.016967.xyz/video/2100.html` выглядит подозрительно, `.xyz` домен часто используется для мошеннических или сомнительных сайтов.  Контент явно 18+.  Отсутствуют признаки мошенничества в виде запроса оплаты или казино, но тематика сайта и подозрительный URL указывают на его сомнительный характер.",016967.xyz,Что на самом деле происходит с магазином секс-игрушек рядом со мной – сайты порночатов
мошенничество,10,https://www.electrobot.nl/nl/fbuilder/index/active/referrer/aHR0cHM6Ly93d3cuZXVybzI0Ny1rb3JlYS5jb20/,"Сайт euro247-korea.com содержит текст на корейском языке, который, судя по переводу Google Translate, рекламирует различные онлайн-казино, включая Euro247, Euro88, Olbet, Pinnacle и 10Bet.  Ссылка на сайт содержит название компании, но сам сайт не имеет профессионального дизайна и выглядит подозрительно. Сайт предлагает услуги по регистрации и привлечению в онлайн-казино. Это является явным признаком мошенничества, так как такие сайты часто используются для обмана пользователей и вовлечения их в азартные игры с целью получения прибыли.  На сайте нет явного контента 18+, но его тематика связана с азартными играми, что может быть опасно для некоторых пользователей. ",electrobot.nl,
мошенничество,10,https://de-vinted.bneb.shop/get/89GB96WP84X02/,"Сайт использует домен `bneb.shop`, который не связан с Vinted.  URL содержит подозрительные фрагменты (`get/89GB96WP84X02/`), что типично для фишинговых сайтов. Сайт имитирует страницу подтверждения покупки на Vinted, заявляя о покупке товара и предлагая получить деньги. Это классический признак мошенничества – фишинг.  На сайте отсутствует контент 18+.",bneb.shop,Michael Kors женские часы | Винтед
мошенничество,10,https://entarabi.com/2023/10/10-%D9%85%D8%B5%D8%A7%D8%AF%D8%B1-%D9%84%D8%AA%D9%85%D9%88%D9%8A%D9%84-%D8%A7%D9%84%D9%85%D8%B4%D8%B1%D9%88%D8%B9%D8%A7%D8%AA-%D8%A7%D9%84%D8%B5%D8%BA%D9%8A%D8%B1%D8%A9-%D9%84%D8%B9%D8%A7%D9%85-2023/,"Сайт `vlnted-es.bneb.shop/get/52WU37ES11T58/`  выглядит как мошеннический.  URL-адрес указывает на подозрительный поддомен (`bneb.shop`) вместо ожидаемого домена Vinted.  На скриншоте отображается сообщение о том, что товар куплен, и покупатель уже заплатил.  Далее предлагается получить деньги. Это классический признак фишингового сайта, цель которого – обман продавцов. Сайт имитирует интерфейс Vinted, но это не легитимная страница.  Контента 18+ нет.

",entarabi.com,10 источников финансирования малых проектов на 2023 год
мошенничество,10,https://d2fp4msr64qj75.cloudfront.net/rich1234/ryh6tGH3YG,"Сайт `de-vinted.bneb.shop/get/57RJ66YE66087/` выглядит как фишинговый сайт, маскирующийся под Vinted.  URL-адрес содержит подозрительный поддомен `bneb.shop`, а не домен Vinted.  Сообщения на сайте запрашивают банковские реквизиты под предлогом получения денег за уже оплаченный товар — классический признак мошенничества.  На сайте отсутствует контент 18+.",cloudfront.net,
18+,10,https://www.shemalefavoritelist.com/movies/98.html,"Сайт содержит предупреждение о том, что доступ к нему разрешен только лицам старше 18 лет.  URL-адрес  `https://www.shemalefavoritelist.com/movies/98.html` и заголовок  ""Щупальца порно видео – Список избранных транссексуалов"" указывают на порнографическое содержание.  Сам сайт не демонстрирует явных признаков мошенничества (всплывающие окна, подозрительные запросы на оплату и т.д.), однако тематика сайта однозначно относится к категории 18+.",shemalefavoritelist.com,Щупальца порно видео – Список избранных транссексуалов
18+,10,https://www.girlontopporn.com/post/91.html,"URL адрес содержит слова ""girl"", ""top"", ""porn"", что явно указывает на порнографическое содержание.  Название сайта также подтверждает это.  Сайт использует обманчивые названия, чтобы привлечь пользователей.  Он не маскируется под легитимный сервис, а открыто демонстрирует свой характер.  Потенциальная опасность заключается в распространении нежелательного контента и вредоносных программ, которые могут быть скрыты на сайте. ",girlontopporn.com,проститутка порно видео – Girl On Top Porn
18+,9,http://classicalmusicmp3freedownload.com/ja/index.php?title=Nine_Things_That_Your_Parent_Taught_You_About_Max_Masturbator,"Сайт содержит ссылку на статью о секс-игрушке, что указывает на наличие контента 18+.  URL-адрес выглядит подозрительно: он сочетает в себе тематику классической музыки (classicalmusicmp3freedownload.com) и статью о секс-игрушке. Это может указывать на попытку привлечь пользователей с помощью обманчивого заголовка.  Сам домен не является известным и легитимным.  Также обращает на себя внимание наличие GET-параметров в URL, которые могут использоваться для скрытия истинного назначения страницы.  Наличие контента для взрослых повышает риск мошенничества, так как подобные сайты часто используются для распространения вредоносного ПО или фишинга.",classicalmusicmp3freedownload.com,"Девять вещей, которым ваши родители научили вас о Max Masturbator - Классическая музыка скачать бесплатно mp3 Срок действия авторских прав истек, общественное достояние, исторический источник звука"
мошенничество,9,https://bad-credit-loans-7332618.fyi/?ref=facebook-placement&headline=Pensioenlening&fbid=1111906536957026&fbland=View+Content&fbserp=Search&fbclick=Purchase&sub_id=ad.id_campaign.id&compkey=Pensioenlening&forcekeyA=Pensioenplan&forcekeyB=Leningzonderkredietscore&forcekeyC=Dringendepersoonlijkelening&forcekeyD=Directegeldlening&forcekeyE=Nugeldlenen&forcekeyF=Snellegeldlening&forcekeyF=Schrijfdeleningonmiddellijkovernaaruwrekening&rskey=Pensioenlening,"URL-адрес `https://bad-credit-loans-7332618.fyi/?ref=facebook-placement&headline=Pensioenlening&fbid=1111906536957026&fbland=View+Content&fbserp=Search&fbclick=Purchase&sub_id=ad.id_campaign.id&compkey=Pensioenlening&forcekeyA=Pensioenplan&forcekeyB=Leningzonderkredietscore&forcekeyC=Dringendepersoonlijkelening&forcekeyD=Directegeldlening&forcekeyE=Nugeldlenen&forcekeyF=Snellegeldlening&forcekeyF=Schrijfdeleningonmiddellijkovernaaruwrekening&rskey=Pensioenlening`  выглядит подозрительно.  Домен `.fyi` часто используется для мошеннических сайтов.  Длинный URL с большим количеством параметров также является признаком потенциального мошенничества.  Название сайта ""плохие-кредитные-кредиты-7332618.fyi""  указывает на то, что сайт, вероятно, предлагает займы с невыгодными условиями или является мошенническим.  На скриншоте отображаются предложения займов на русском и нидерландском языках, что может указывать на попытку охватить широкую аудиторию.  Отсутствует информация о компании, предоставляющей эти займы, что вызывает дополнительные подозрения. Сайт не содержит контента 18+.

",bad-credit-loans-7332618.fyi,плохие-кредитные-кредиты-7332618.fyi
мошенничество,9,https://valetinowiki.racing/wiki/11_Ways_To_Completely_Redesign_Your_Buy_A_Fake_UK_Licence,"URL адрес `https://valetinowiki.racing/wiki/11_Ways_To_Completely_Redesign_Your_Buy_A_Fake_UK_Licence` вызывает подозрение из-за использования поддомена `.racing` и части URL, указывающей на создание поддельных водительских удостоверений Великобритании (`Buy A Fake UK Licence`).  Название сайта (""Valentino Fans"") не соответствует тематике URL.  Это сильный признак мошеннического сайта, предлагающего незаконные услуги. Сайт, скорее всего, предназначен для продажи поддельных документов.  Контент 18+ отсутствует.

",valetinowiki.racing,11 способов полностью изменить дизайн вашего британского водительского удостоверения Buy A Fake UK - Valentino Fans
мошенничество,9,https://in30483764.jzfkw.net/,"URL адрес `https://in30483764.jzfkw.net/` выглядит подозрительно.  Он содержит длинную случайную последовательность цифр и букв (`in30483764.jzfkw.net`), что типично для фишинговых или мошеннических сайтов.  Название компании `Хэбэй Цинхао Новые Материальные Технологии Лтд.` не соответствует URL адресу.  Нет никаких известных легитимных сайтов с подобной структурой URL.  Сам предоставленный снимок экрана показывает совершенно другой сайт (`saudileaks.org`), который не имеет отношения к URL адресу из запроса.  На основе предоставленного URL я не могу определить, содержит ли сайт контент 18+ или является сервисом сокращения ссылок.  Однако, учитывая структуру URL, очень высока вероятность, что это мошеннический сайт.


",jzfkw.net,Хэбэй Цинхао Новые Материальные Технологии Лтд.
18+,9,https://keeganqgwnd.ttblogs.com/11839261/the-ultimate-guide-to-8-exciting-femdom-couple-games-for-a-thriving-marriage,"Сайт содержит ссылку на статью с заголовком ""Полное руководство по 8 захватывающим фемдом-играм для пар, способствующих счастливому браку"".  URL-адрес `https://keeganqgwnd.ttblogs.com/11839261/the-ultimate-guide-to-8-exciting-femdom-couple-games-for-a-thriving-marriage` выглядит подозрительно из-за наличия случайного поддомена `keeganqgwnd` в домене `ttblogs.com`.  Сам по себе `ttblogs.com` не является известным и легитимным доменом. Контент сайта имеет явную сексуальную направленность (18+). Нет никаких очевидных признаков мошенничества, таких как запросы на оплату или лотереи, но нетипичный URL-адрес и тематика сайта вызывают опасения.  Возможно, сайт создан для привлечения трафика на другие, потенциально мошеннические ресурсы.

",ttblogs.com,"Полное руководство по 8 захватывающим фемдом-играм для пар, способствующих счастливому браку"
мошенничество,8,http://service.megaworks.ai/board/bbs/board.php?bo_table=hwang_form&wr_id=1296336,"URL адрес `https://roxcasino-gamess.com/` похож на адрес легитимного сайта, но содержит подозрительное добавление  `-gamess`.  Это может указывать на попытку подделки известного бренда.  Название сайта также не внушает доверия.  Сам сайт (судя по предоставленному скриншоту) относится к онлайн-казино. Это один из основных признаков мошенничества, так как многие мошеннические сайты маскируются под онлайн-казино, чтобы обмануть игроков.  На сайте отсутствует явно выраженный контент 18+, но тематика казино может подразумевать наличие подобного контента на других его страницах.

",megaworks.ai,"Потребуются исходники для https://roxcasino-gamess.com/ > Дополнительное поле Сынмина, дополнительный тест | Центр психического здоровья Кванджу Донг-гу"
казино,8,https://event.stibee.com/v2/click/MTAwNDA4Lzk3OTE2OC8xNDQ2NC8/aHR0cHM6Ly9Xd3cuSGlnaHN0YWtlcy5jb20v,"Сайт highstakes.com/ru/ представляет собой онлайн-казино. На сайте предлагаются ставки на спорт, игры казино, слоты и другие азартные игры.  URL-адрес выглядит легитимным, но сам по себе не гарантирует безопасность.  Присутствие множества игр казино указывает на то, что сайт относится к категории азартных игр.  Контент сайта не содержит явной 18+ информации, но может содержать элементы, неподходящие для несовершеннолетних. ",stibee.com,
казино,8,https://slotsicure.com/,"Сайт slotsicure.com — это сайт онлайн-казино.  В URL-адресе нет ничего подозрительного, но название сайта явно указывает на его тематику.  На сайте присутствует реклама различных онлайн-казино и бонусных предложений.  Контент сайта не содержит явного контента 18+, но тематика сайта может быть интересна только совершеннолетним.  Сайт не запрашивает платежи напрямую, но может содержать ссылки на мошеннические ресурсы, связанные с онлайн-казино.",slotsicure.com,СЛОТ БЕЗОПАСНОСТЬ | КАЗИНО ADM
казино,8,https://alturl.link/menara188-ptr,"Сайт представляет собой платформу онлайн-казино Menara188. Название и дизайн сайта указывают на то, что это платформа для азартных игр. URL-адрес содержит имя домена, которое не вызывает подозрений, но сам сайт явно относится к азартным играм.  Сайт предлагает различные игры, такие как слоты, игры в реальном времени, спортивные ставки и т.д.  На сайте присутствует форма регистрации, требующая ввода личной информации.  Это указывает на потенциальный риск мошенничества, связанный с финансовыми операциями и кражей данных.  Контент сайта не содержит материалов 18+, но тематика сайта однозначно относится к азартным играм, что может быть нежелательно для некоторых пользователей.",alturl.link,
18+,8,https://ceo.wiki/index.php?title=Searching_For_Inspiration_Look_Up_Adult_Store,"URL адрес содержит поддомен `ceo.wiki`, что само по себе не вызывает подозрений, но указывает на то, что это не основной домен известной компании.  Заголовок страницы указывает на содержание для взрослых (""Поиск вдохновения Посмотрите магазин для взрослых"").  Текст на странице описывает компанию, торгующую товарами для взрослых. Сайт не выглядит как мошеннический в смысле выманивания денег или подделки под известные бренды, но он явно содержит контент 18+.",ceo.wiki,Поиск вдохновения Посмотрите магазин для взрослых -
мошенничество,8,https://black-loan-1573961.world/?ref=facebook-placement&headline=%D0%A1%D0%BF%D0%B5%D1%88%D0%B5%D0%BD%D0%B7%D0%B0%D0%B5%D0%BC%D0%BE%D1%82%D0%A7%D0%B5%D1%80%D0%B5%D0%BD%D1%81%D0%BF%D0%B8%D1%81%D1%8A%D0%BA%D0%94%D0%B8%D1%80%D0%B5%D0%BA%D1%82%D0%B5%D0%BD%D0%B7%D0%B0%D0%B5%D0%BC&fbid=1111906536957026&fbland=View+Content&fbserp=Search&fbclick=Purchase&sub_id=ad.id_campaign.id&compkey=%D0%A1%D0%BF%D0%B5%D1%88%D0%B5%D0%BD%D0%B7%D0%B0%D0%B5%D0%BC%D0%BE%D1%82%D0%A7%D0%B5%D1%80%D0%B5%D0%BD%D1%81%D0%BF%D0%B8%D1%81%D1%8A%D0%BA%D0%94%D0%B8%D1%80%D0%B5%D0%BA%D1%82%D0%B5%D0%BD%D0%B7%D0%B0%D0%B5%D0%BC&forcekeyA=%D0%98%D0%BC%D0%B0%D0%BC%D0%BD%D1%83%D0%B6%D0%B4%D0%B0%D0%BE%D1%82%D0%BF%D0%B0%D1%80%D0%B8%D1%81%D0%BF%D0%B5%D1%88%D0%BD%D0%BE%D0%B4%D0%BD%D0%B5%D1%81&forcekeyB=%D0%A7%D0%B5%D1%80%D0%B5%D0%BD%D1%81%D0%BF%D0%B8%D1%81%D1%8A%D0%BA%D0%97%D0%B0%D0%B5%D0%BC%D0%B8&forcekeyC=%D0%91%D1%8A%D1%80%D0%B7%D0%B8%D0%B7%D0%B0%D0%B5%D0%BC%D0%B8%D0%B7%D0%B0%D1%85%D0%BE%D1%80%D0%B0%D0%B2%D1%87%D0%B5%D1%80%D0%BD%D0%B8%D1%8F%D1%81%D0%BF%D0%B8%D1%81%D1%8A%D0%BA&forcekeyD=%D0%91%D1%8A%D1%80%D0%B7%D0%B7%D0%B0%D0%B5%D0%BC%D1%81%D0%B1%D1%8E%D0%BB%D0%B5%D1%82%D0%B8%D0%BD&forcekeyE=%D0%91%D1%8A%D1%80%D0%B7%D0%B7%D0%B0%D0%B5%D0%BC%D1%81%D0%B1%D1%8E%D0%BB%D0%B5%D1%82%D0%B8%D0%BD&forcekeyF=%D0%A1%D0%BF%D0%B5%D1%88%D0%B5%D0%BD%D0%B7%D0%B0%D0%B5%D0%BC%D0%BE%D1%82%D0%A7%D0%B5%D1%80%D0%B5%D0%BD%D1%81%D0%BF%D0%B8%D1%81%D1%8A%D0%BA%D0%94%D0%B8%D1%80%D0%B5%D0%BA%D1%82%D0%B5%D0%BD%D0%B7%D0%B0%D0%B5%D0%BC&rskey=%D0%A1%D0%BF%D0%B5%D1%88%D0%B5%D0%BD%D0%B7%D0%B0%D0%B5%D0%BC%D0%BE%D1%82%D0%A7%D0%B5%D1%80%D0%B5%D0%BD%D1%81%D0%BF%D0%B8%D1%81%D1%8A%D0%BA%D0%94%D0%B8%D1%80%D0%B5%D0%BA%D1%82%D0%B5%D0%BD%D0%B7%D0%B0%D0%B5%D0%BC,"Сайт `black-loan-1573961.world` выглядит подозрительно.  URL-адрес содержит  случайную последовательность цифр (`1573961`) в доменном имени, что характерно для мошеннических сайтов, маскирующихся под легитимные.  Название сайта переводится как ""черный кредит"", что само по себе вызывает опасения.  Наличие параметров в URL, таких как `ref=facebook-placement` и другие,  указывает на рекламную кампанию в Facebook, часто используемую мошенниками.  Сам сайт предлагает ""быстрые кредиты"", что может быть приманкой для жертв. Отсутствует информация о компании, предоставляющей эти кредиты.  Дизайн сайта примитивен и не внушает доверия.  Контента 18+ нет. ",black-loan-1573961.world,черный-кредит-1573961.world
мошенничество,8,https://bad-credit-loans-1984061.fyi/?ref=facebook-placement&headline=Z%C5%82%C3%B3%C5%BCwniosekoekspresLoan&fbid=1111906536957026&fbland=View+Content&fbserp=Search&fbclick=Purchase&sub_id=ad.id_campaign.id&compkey=Z%C5%82%C3%B3%C5%BCwniosekoekspresLoan&forcekeyA=Z%C5%82%C3%B3%C5%BCwniosekopo%C5%BCyczk%C4%99przezSMS&forcekeyB=Z%C5%82%C3%B3%C5%BCwniosekopo%C5%BCyczk%C4%99przezSMS24godziny&forcekeyC=Z%C5%82%C3%B3%C5%BCwniosekopo%C5%BCyczk%C4%99awaryjn%C4%85przezSMS&forcekeyD=Potrzebujeszawaryjnejgot%C3%B3wkidzisiaj&forcekeyE=Z%C5%82%C3%B3%C5%BCwniosekoawaryjn%C4%85po%C5%BCyczk%C4%99got%C3%B3wkow%C4%85ju%C5%BCdzi%C5%9B&forcekeyF=Z%C5%82%C3%B3%C5%BCwniosekonajlepsz%C4%85po%C5%BCyczk%C4%99osobist%C4%85&rskey=Z%C5%82%C3%B3%C5%BCwniosekoekspresLoan,"Сайт выглядит подозрительно. URL-адрес `bad-credit-loans-1984061.fyi` использует домен `.fyi`, который часто используется для мошеннических сайтов.  Доменное имя также содержит длинный набор случайных цифр, что не типично для легитимных финансовых учреждений.  Наличие множества параметров в URL (`ref`, `headline`, `fbid` и т.д.), особенно связанных с Facebook, предполагает рекламу через социальные сети, которая часто используется для распространения мошеннических схем.  Сам сайт представляет собой простую страницу с несколькими ссылками на что-то, связанное с кредитами, без каких-либо подробностей о компании или лицензировании.  Отсутствие явной информации об условиях кредитования, контактных данных, юридического адреса - также тревожные признаки.  Текст на кнопках ""Мфо Взаймы"", ""Если Обманул Брокер"", ""Кредит Он"" (возможно, опечатка или плохо переведенный текст)  наводит на подозрение, что сайт связан с нелегальными финансовыми услугами.  Контент не содержит материалов 18+.",bad-credit-loans-1984061.fyi,плохие-кредитные-кредиты-1984061.fyi
мошенничество,8,https://yogicentral.science/wiki/Arildsenflynn3623,"URL адрес  `https://yogicentral.science/wiki/Arildsenflynn3623` выглядит подозрительно.  Поддомен `yogicentral.science`  неизвестен и не ассоциируется с известными легитимными сайтами.  Название `Arildsenflynn3623`  в части URL  указывает на то, что это скорее всего  некий  пользовательский контент,  а не  официальная страница.  Заголовок  ""Arildsenflynn3623 - Центр йоги""  противоречив и  не внушает доверия.  Вероятно,  это  фейковый сайт,  созданный с целью обмана пользователей.  Контент  18+ отсутствует.  Сайт не является сервисом сокращения ссылок.

",yogicentral.science,Arildsenflynn3623 - Центр йоги
казино,8,https://gonggum63.werite.net/win-big-with-authentic-japanese-slot-machines,"Сайт рекламирует онлайн-слоты и выглядит как промо-страница казино.  URL-адрес `gonggum63.werite.net` содержит подозрительный поддомен `werite.net`, не связанный с известными легитимными платформами.  Название сайта и содержание страницы явно указывают на азартные игры.  Присутствует изображение, которое может быть расценено как 18+ в зависимости от интерпретации.  Сайт не маскируется под известные бренды, но его основная цель - привлечение пользователей к онлайн-казино, что само по себе является признаком потенциального мошенничества (например, скрытые комиссии, невыплаты выигрышей).",werite.net,Выигрывайте по-крупному с настоящими японскими игровыми автоматами — gonggum63
"казино, мошенничество",8,https://www.diariodeteruel.es/click.php?p=Qg==__MzY2____aHR0cHM6Ly9zd2VldHRvb3RoYm9zdG9uLmNvbS8,"Сайт рекламирует онлайн-покер. URL-адрес содержит подозрительную часть `click.php?p=Qg==__MzY2____aHR0cHM6Ly9zd2VldHRvb3RoYm9zdG9uLmNvbS8`, что указывает на потенциальное перенаправление. Сам сайт содержит изображения сексуального характера (женщина в бикини), что классифицирует его как 18+.  Название сайта и контент однозначно указывают на азартные игры.  Это соответствует признакам мошенничества, так как многие мошеннические сайты маскируются под легитимные, а онлайн-казино часто связаны с нечестными практиками. Высокая вероятность мошенничества из-за использования сокращенной ссылки и характерного для мошеннических сайтов дизайна. ",diariodeteruel.es,POKER1001: новейший покерный сайт с IDN и лучший список онлайн-покера
18+,8,https://www.chatburte.com/,"Сайт chatburte.com содержит предупреждение о том, что доступ к нему разрешен только лицам старше 18 лет.  Заголовок сайта и описание указывают на порнографическое содержание.  В URL-адресе нет ничего подозрительного. Сайт не демонстрирует признаков мошенничества, таких как запросы на оплату или лотереи.  Однако, он явно содержит контент для взрослых.",chatburte.com,"Chatburte – порно видео для взрослых, видео для взрослых в высоком качестве, видео для взрослых на бенгальском языке, видео для взрослых на английском языке"
мошенничество,8,https://dat.2chan.net/bin/jump.php?https://xn--niedlichfranzsischebulldoggenwelpen-0qd.de/,"URL `https://dat.2chan.net/bin/jump.php?https://xn--niedlichfranzsischebulldoggenwelpen-0qd.de/` ведет на сайт `xn--niedlichfranzsischebulldoggenwelpen-0qd.de` через сервис сокращения ссылок 2chan.  Сам URL-адрес `xn--niedlichfranzsischebulldoggenwelpen-0qd.de` выглядит подозрительно из-за использования IDN (Internationalized Domain Names) —  он скрывает реальное доменное имя, используя немецкие символы.  Это часто используется мошенниками для маскировки вредоносных сайтов.  Без доступа к содержимому целевого сайта невозможно точно сказать, что он содержит.  Однако, использование сервиса сокращения ссылок и подозрительный URL-адрес указывают на высокую вероятность мошенничества.  Нельзя исключить наличие контента 18+.",2chan.net,
мошенничество,8,https://canvas.instructure.com/eportfolios/3367042/home/buy-a-registered-drivers-license-without-a-deposit-the-ultimate-guide-to-buy-a-registered-drivers-license-without-a-deposit,"Сайт размещён на платформе Canvas, которая используется образовательными учреждениями.  Однако, содержание страницы посвящено покупке водительских прав без депозита, что является незаконным и, скорее всего, мошенническим предложением.  URL-адрес сам по себе не вызывает подозрений, так как принадлежит легитимной платформе, но контент, размещённый на нём, указывает на мошенническую деятельность.  На сайте нет контента 18+.",instructure.com,Купить зарегистрированные водительские права без депозита: полное руководство по покупке зарегистрированных водительских прав без депозита: Главная: BradleyThompson2905
мошенничество,8,http://sc686.net/home.php?mod=space&uid=2338598,"Сайт представляет собой профиль пользователя на форуме Planforexams Q&A.  В профиле указан веб-сайт `https://loafharp8.werite.net/why-we-our-love-for-buy-a-driving-license-and-you-should-also`, который, судя по описанию ""Buy A Real Driving License Explained In Fewer Than 140 Characters"",  предлагает купить водительские права. Это вызывает серьезные подозрения, так как покупка водительских прав является незаконной.  URL-адрес `sc686.net` сам по себе не выглядит мошенническим, это просто доменное имя, но  ссылка на сайте пользователя указывает на потенциально мошенническую деятельность. Сам форум `planforexams.com` не обязательно мошеннический, но присутствие ссылки на такую активность вызывает опасения. Сайт не содержит 18+ контента, и не является сервисом сокращения ссылок или онлайн-казино.

",sc686.net,Профиль пользователя boardicon48 - SC686 Навигация -
мошенничество,8,https://happy.n-payatib.shop/,"URL адрес `https://happy.n-payatib.shop/` выглядит подозрительно.  Домен `n-payatib.shop` не внушает доверия и не ассоциируется с известными легитимными компаниями. Название сайта  `happy.n-payatib.shop` не соответствует описанию товара ""Красивое свадебное приглашение"".  Сам по себе заголовок ""Красивое свадебное приглашение, это открытка"" не является признаком мошенничества, но в сочетании с подозрительным URL адресом вызывает опасения.  Вероятность того, что сайт является мошенническим, высока, особенно учитывая использование коротких и нестандартных доменов.  Отсутствие информации о самом сайте также говорит о нежелании раскрывать полные данные, что является тревожным знаком. Нет признаков 18+ контента.

",n-payatib.shop,"Красивое свадебное приглашение, это открытка"
мошенничество,8,https://honee007.com/,"Сайт `honee007.com` (""медовая ставка"") не отображается непосредственно, а вместо этого показывает видео на странице `dart.emediamonitor.net`.  Название сайта и его описание (""медовая ставка"") вызывают подозрения.  Фраза ""медовая ставка"" может быть связана с азартными играми или мошенническими схемами, обещающими легкую прибыль.  URL `dart.emediamonitor.net` сам по себе не выглядит подозрительно, но это может быть видеохостингом, используемым мошенническим сайтом.  Отсутствие доступа к основному сайту `honee007.com` затрудняет полную оценку.  Однако, косвенные признаки указывают на высокую вероятность мошенничества. Видео само по себе безопасно, но контекст вызывает сомнения. ",honee007.com,медовая ставка
18+,8,https://lightsocketadapter73837.blogoscience.com/38424975/how-to-bring-out-your-inner-dominatrix-with-these-creative-roleplay-ideas,"URL адрес  `https://lightsocketadapter73837.blogoscience.com/38424975/how-to-bring-out-your-inner-dominatrix-with-these-creative-roleplay-ideas`  выглядит подозрительно из-за случайного поддомена `lightsocketadapter73837` в домене `blogoscience.com`.  Название сайта не соответствует общепринятым стандартам, а содержание, судя по заголовку  ""Как пробудить в себе внутреннюю доминанту с помощью этих креативных идей для ролевых игр"", относится к тематике BDSM и является контентом 18+.  На сайте отсутствуют явные признаки финансового мошенничества (запросы на оплату, лотереи), но его тематика и подозрительный URL указывают на потенциальную опасность, особенно для несовершеннолетних. Сайт не похож на легитимный интернет-магазин или службу доставки.


",blogoscience.com,Как пробудить в себе внутреннюю доминанту с помощью этих креативных идей для ролевых игр
мошенничество,8,http://forum.firewind.ru/proxy.php?link=https://kartaxpresspoland.com/,"URL `http://forum.firewind.ru/proxy.php?link=https://kartaxpresspoland.com/` перенаправляет на `https://kartaxpresspoland.com/`.  Сам по себе URL `forum.firewind.ru` выглядит как форум, но присутствие `proxy.php?link=` указывает на то, что это ссылка-перенаправление, что само по себе не является признаком мошенничества, но требует осторожности.  Целевой URL `kartaxpresspoland.com` требует дальнейшего анализа, так как он не содержит очевидных признаков известных компаний или брендов.  Название  ""kartaxpresspoland"" звучит подозрительно и может указывать на попытку выдать себя за  надежную компанию. Отсутствие информации о сайте `kartaxpresspoland.com`  повышает уровень опастности.  Без доступа к сайту `kartaxpresspoland.com` невозможно определить его  тип контента (18+ или другие).

",firewind.ru,Перенаправление на сторонний сайт | Форум  игрового сообщества Firewind
мошенничество,8,https://scientific-programs.science/wiki/The_Hidden_Secrets_Of_Buy_Driving_License_Darknet,"Я не могу видеть содержимое веб-страницы по предоставленному URL, так как я — лишь языковая модель.  Однако, анализируя сам URL  `https://scientific-programs.science/wiki/The_Hidden_Secrets_Of_Buy_Driving_License_Darknet`, я могу сделать некоторые выводы.

Название сайта (""Научные программы"") и тема страницы (""Скрытые секреты покупки водительских прав Darknet"")  вызывают серьезные подозрения.  Покупка водительских прав в даркнете является незаконной деятельностью, а сайт, предлагающий информацию о подобных действиях,  весьма вероятно,  мошеннический или, по меньшей мере,  сомнительный.  Домен `scientific-programs.science` не внушает доверия, так как не соответствует ожиданиям от легитимного источника информации о научных программах.  Наличие слова ""Darknet"" в URL  еще больше усиливает подозрение.

**Рассуждения:** URL содержит подозрительные слова, указывающие на незаконную деятельность, и не соответствует названию сайта.  Вряд ли легитимный научный сайт будет размещать информацию о покупке поддельных документов в даркнете.

",scientific-programs.science,Скрытые секреты покупки водительских прав Darknet - Научные программы
мошенничество,8,https://philipsda.prf.hn/click/camref:1100ljzsQ/creativeref:1100l65556/destination:https://xn--niedlichfranzsischebulldoggenwelpen-0qd.de/,"URL-адрес  `https://philipsda.prf.hn/click/camref:1100ljzsQ/creativeref:1100l65556/destination:https://xn--niedlichfranzsischebulldoggenwelpen-0qd.de/`  выглядит подозрительно.  Он содержит короткие ссылки и нестандартные поддомены (`prf.hn`).  Целевой URL (`xn--niedlichfranzsischebulldoggenwelpen-0qd.de`) использует Punycode, что часто используется для маскировки вредоносных сайтов.  Кроме того,  я не смог получить доступ к сайту, что само по себе вызывает подозрение.  В сочетании с подозрительным URL-адресом это указывает на потенциально мошеннический сайт или сайт, который может быть использован для распространения вредоносного ПО.  Контент 18+ или признаки азартных игр отсутствуют, так как сайт недоступен.

",prf.hn,
мошенничество,8,https://viviennefawkes.com/lifestyle/the-secret-of-successful-party/,"URL адрес выглядит подозрительно.  Он содержит поддомен `members` и специфическую числовую часть в конце пути (`/activity/288196/`). Это может указывать на то, что сайт не является легитимным. Наличие элементов входа (`Log In`, `Register`) без явного указания на бренд или компанию также настораживает.  Изображение на сайте кажется нерелевантным, если рассматривать сайт, как легитимный, и больше похож на иллюстрацию для привлечения внимания. Название сайта (`Tisi Para`) неизвестно и не ассоциируется с известными брендами.  Сайт не содержит явных признаков мошенничества (запросы платежей, казино, 18+ контент), но его структура и адрес вызывают серьезные подозрения.  Он не выглядит как легитимный интернет-магазин или сервис.


",viviennefawkes.com,Секрет успешной вечеринки – Вивьен Фоукс
мошенничество,7,https://hyldgaard-krog.blogbright.net/dont-make-this-silly-mistake-on-your-accident-lawyer-jacksonville/,"Сайт недоступен, так как был приостановлен.  В URL-адресе нет явных признаков мошенничества, но сам факт приостановки работы сайта вызывает подозрения.  Невозможно определить наличие контента 18+ или иных мошеннических элементов, так как сайт не работает.  Судя по сообщению, сайт, возможно, был приостановлен хостингом Rumahweb Indonesia.  Это может быть связано с нарушением правил хостинга, например, размещением мошеннического контента, но без доступа к сайту это лишь предположение.",blogbright.net,Не совершайте эту глупую ошибку в своем адвокате по несчастным случаям в Джексонвилле
казино,7,https://pggaming.org/,"Сайт представляет собой онлайн-казино.  URL-адрес выглядит легитимно, без подозрительных поддоменов или символов. Однако сам сайт рекламирует азартные игры.  На сайте отсутствует контент 18+, хотя тематика сайта может быть воспринята как неподходящая для несовершеннолетних. ",pggaming.org,PG Gaming: мировой лидер в производстве игровых брендов
казино,7,http://www.networksales.ru/go/url=-aHR0cHM6Ly93d3cud2JjMjQ3LU9mZmljaWFsLmNvbQ,"Сайт wbc247-official.com  представляет собой сайт, посвященный азартным играм. На сайте указано, что он является ""официальным агентом"" и предоставляет ссылки на различные онлайн-казино,  проводит проверку на безопасность и предлагает информацию о различных играх, таких как онлайн-бакара, слоты и рулетка.  URL-адрес не содержит явных признаков мошенничества, но тематика сайта указывает на  казино.  Контент сайта не содержит явной 18+ информации, однако тематика азартных игр может быть ограничена по возрасту в некоторых юрисдикциях.",networksales.ru,
мошенничество,7,https://justanimeforum.net/proxy.php?link=https%3A%2F%2Fheasyformsnow.com%3A443%2Fhome%2Fclick%3Fuc%3D17700101%26ap%3D%26source%3D%26uid%3Dac917bdb-6efe-42ac-bf1b-774161313674%26i_id%3D%26cid%3D%26url%3Dhttps%253A%252F%252Fen.themode.kr%252Fmember%252Flogin.html%253FnoMemberOrder%2526returnUrl%253Dhttps%25253A%25252F%25252Fwww.ironhidegames.com%25252Fexternal%25253Furl%25253Dhttps%25253A%25252F%25252Ftaeshinlawfirm.com%25252F%26value%3Dtoolbar_benefitsg,"Сайт `justanimeforum.net`  является форумом, судя по названию и интерфейсу. URL содержит поддомен `proxy.php`, который указывает на то, что сайт используется для перенаправления на другие ресурсы.  В данном случае, он перенаправляет на `heasyformsnow.com`, который, в свою очередь, содержит длинную цепочку перенаправлений, в конечном итоге ведущих на сайт `taeshinlawfirm.com`.  Этот последний сайт, по всей видимости, является юридической фирмой.

Наличие proxy указывает на то, что сам `justanimeforum.net` может быть не напрямую связан с конечным сайтом, на который перенаправляет. Это делает его потенциально опасным, поскольку  неизвестно, какие действия происходят в процессе перенаправления (например, установка вредоносного ПО, фишинг).   Кроме того, трудно оценить легитимность  `heasyformsnow.com` без более детальной информации.  Сам форум `justanimeforum.net` по дизайну не выглядит мошенническим, но его использование в качестве прокси-сервера является тревожным признаком.

Хотя на скриншоте нет явных признаков мошенничества или контента 18+,  неясный характер перенаправления делает сайт потенциально опасным.

",justanimeforum.net,Внешнее перенаправление | Форум Just Anime
мошенничество,7,https://arabic-fx.com/%d8%a7%d9%83%d8%b3%d8%a8%d9%8a%d8%b1%d8%aa-%d8%a7%d9%84%d9%85%d8%a4%d8%b4%d8%b1%d8%a7%d8%aa-%d8%a7%d9%84%d8%a3%d9%85%d8%b1%d9%8a%d9%83%d9%8a%d8%a9/,"Сайт arabic-fx.com позиционирует себя как ресурс, посвященный торговле на финансовых рынках, в частности, американским индикаторам.  На сайте присутствует арабский текст, что указывает на целевую аудиторию.  Дизайн сайта выполнен в темных тонах, с использованием графиков и диаграмм, характерных для финансовых ресурсов.  Однако,  отсутствие явной информации о лицензировании, регуляции и контактных данных вызывает подозрение.  Ссылка на WhatsApp для связи также не является признаком легитимности, так как затрудняет проверку и верификацию информации. Сайт может быть использован для мошеннических схем, связанных с инвестициями или торговлей.  Он не содержит контент 18+.",arabic-fx.com,Эксперт по американским индикаторам Ларри Коннорс
мошенничество,7,https://www.tareeqashaab.com/index.php/sections/report/21219-2025-01-04-21-47-23,"Сайт `tareeqashaab.com` имеет подозрительный URL-адрес, содержащий  `/index.php/sections/report/` — что указывает на нестандартную структуру, типичную для блогов или форумов, но не для крупных легитимных сайтов. Отсутствует информация о содержании сайта, поскольку он не загружается.  Название сайта не даёт  никаких конкретных указаний на его природу.  Однако, структура URL и отсутствие видимого контента вызывают подозрение. Нельзя исключить, что это мошеннический сайт,  либо просто нерабочий ресурс.  Дополнительная проверка с помощью других инструментов безопасности необходима для более точной оценки. ",tareeqashaab.com,
мошенничество,7,https://elearnportal.science/wiki/10_Facts_About_Accident_Lawyer_Brooklyn_That_Will_Instantly_Get_You_Into_A_Great_Mood,"URL адрес  `https://elearnportal.science/wiki/10_Facts_About_Accident_Lawyer_Brooklyn_That_Will_Instantly_Get_You_Into_A_Great_Mood`  выглядит подозрительно.  Поддомен `elearnportal.science` не является типичным для легитимного образовательного портала.  Хотя название сайта  (""Портал электронного обучения"") и заголовок страницы (""10 фактов об адвокате по несчастным случаям в Бруклине, которые мгновенно поднимут вам настроение"") выглядят безобидно,  сам URL  напоминает фишинговые сайты, которые маскируются под легитимные ресурсы. Отсутствие известных брендов и наличие текста, направленного на привлечение внимания ( ""мгновенно поднимут вам настроение""),  усиливают подозрения.  На скриншоте я не вижу контент сайта, поэтому  не могу определить наличие 18+ контента или других признаков мошенничества, таких как всплывающие окна или запросы на оплату.  Однако,  один лишь URL вызывает серьезные опасения. ",elearnportal.science,"10 фактов об адвокате по несчастным случаям в Бруклине, которые мгновенно поднимут вам настроение - Портал электронного обучения"
мошенничество,7,https://fichier-code-app.store/wf/,"Сайт `https://fichier-code-app.store/wf/` возвращает ошибку 404 (Not Found).  Это означает, что запрошенная страница не найдена на сервере.  Сам URL-адрес выглядит подозрительно:  `fichier-code-app.store` не является известным доменом, а суффикс `.store` часто используется для мошеннических сайтов. Отсутствие доступного контента затрудняет оценку наличия контента 18+ или признаков мошенничества (например, запросов на оплату или игр). Однако, учитывая подозрительный URL и ошибку 404, высока вероятность, что сайт либо мошеннический, либо нерабочий.  Без доступа к содержанию сайта трудно с уверенностью утверждать, что он именно мошеннический, но подозрения достаточно серьезные.",fichier-code-app.store,
мошенничество,7,https://whew.cc/orIHU2Xv,"Сайт `rd.wishlistmemberplugins.net` перенаправляет пользователя на другую страницу.  На изображении виден экран перенаправления, который не вызывает подозрений. URL содержит длинную строку параметров, но это само по себе не является признаком мошенничества.  Однако,  имя `rd.wishlistmemberplugins.net` выглядит подозрительно, т.к. сокращенно и  не явно указывает на известную компанию.  Отсутствуют признаки 18+ контента или онлайн-казино. Невозможно оценить  полную опасность  без знания  конечного адреса перенаправления.  Нужно подождать, куда перейдет ссылка. ",whew.cc,
мошенничество,7,https://vacatures.roc.nl/link.php?go=aHR0cHM6Ly9zY29sYXR0YS5jb20v,"Сайт `vacatures.roc.nl/link.php?go=aHR0cHM6Ly9zY29sYXR0YS5jb20v` является сокращающей ссылкой, которая перенаправляет на `https://scolatta.com/`.  Сам по себе URL `vacatures.roc.nl` выглядит как легитимный, но наличие `link.php?go=` указывает на то, что это сокращенная ссылка, что повышает подозрительность.  На скриншоте отображается лишь промежуточная страница перенаправления.  Без информации о содержимом `scolatta.com` невозможно с уверенностью определить его тип и уровень опасности.  Однако, сам факт использования сокращенной ссылки является тревожным сигналом, так как мошенники часто используют их для маскировки фишинговых или вредоносных сайтов.  Необходимо проявить осторожность.",roc.nl,
мошенничество,7,https://petmade-4.t1.upgates.shop/,"URL адрес `petmade-4.t1.upgates.shop` выглядит подозрительно.  Наличие `-4.t1.upgates.shop` в конце указывает на поддомен, который часто используется для создания поддельных интернет-магазинов.  Название сайта `Petmade` звучит правдоподобно, но это может быть подделкой. Сайт предлагает корм для животных, что само по себе не является признаком мошенничества, но в сочетании с подозрительным URL адресом вызывает опасения.  На скриншоте нет явных признаков мошенничества, таких как всплывающие окна с просьбами оплатить несуществующие товары или другие признаки мошенничества. Однако,  отсутствие большого количества информации на сайте также вызывает настороженность. Сайт выглядит незаконченным или находится на ранней стадии разработки, что может свидетельствовать о мошенничестве.  Контента 18+ на сайте нет.

",upgates.shop,Корм для домашних животных
мошенничество,7,https://wiishlist.com/story19126312/a-peek-inside-the-secrets-of-buy-a-fake-uk-licence,"Сайт `wiishlist.com` содержит статью о покупке поддельных водительских прав в Великобритании.  Сам URL-адрес не выглядит подозрительно, но содержание статьи указывает на незаконную деятельность.  Сайт не является казино, не содержит контента 18+ и не является сервисом сокращения ссылок. Однако, он косвенно связан с мошенничеством, так как описывает приобретение фальшивых документов.  Ссылка на `expressdrivinglicense.com`  требует дополнительной проверки, но её наличие усиливает подозрения. ",wiishlist.com,Взгляд внутрь секретов покупки поддельных водительских прав в Великобритании
казино,7,http://www.s9y.zassi.de/exit.php?url=aHR0cHM6Ly9Xd3cuSGlnaHN0YWtlcy5jb20v&entry_id=157,"Сайт highstakes.com/ru/ представляет собой онлайн-казино. На главной странице отображается информация о различных играх, включая слоты, игры казино и ставки на спорт.  Есть возможность регистрации через социальные сети и электронную почту.  URL-адрес не содержит подозрительных поддоменов или символов.  Однако, сам по себе характер сайта как онлайн-казино делает его потенциально опасным из-за риска игровой зависимости и возможных мошеннических практик, связанных с выводом средств.",zassi.de,
казино,7,https://www.clickgratis.com.br/download/url.php?url=aHR0cHM6Ly9Xd3cuSGlnaHN0YWtlcy5jb20,"Сайт представляет собой онлайн-казино HighStakes.  В URL-адресе нет ничего подозрительного, сам домен выглядит достаточно стандартно.  Сайт открыто заявляет о себе как о платформе для азартных игр, предлагая казино, ставки на спорт и другие игры.  Контент сайта не содержит явной порнографии, но имеет возрастные ограничения (18+).",com.br,
мошенничество,7,https://hikvisiondb.webcam/wiki/Is_Buy_A_Registered_Drivers_License_Without_A_Deposit_The_Same_As_Everyone_Says,"Сайт hikvisiondb.webcam содержит статью о том, как получить водительские права без депозита.  URL-адрес выглядит подозрительно, так как использует поддомен `webcam` на домене, не связанном с выдачей водительских прав.  Содержание статьи не напрямую предлагает незаконные услуги, но косвенно затрагивает тему приобретения документов, что может быть связано с мошенничеством.  Сам сайт выглядит как вики-страница, но не относится к известным легитимным сайтам.  Контента 18+ на сайте нет.  В целом, сайт вызывает подозрение в связи с темой статьи и необычным URL. ",hikvisiondb.webcam,"Купить зарегистрированные водительские права без депозита - это то же самое, что все говорят - Hikvision Guides"
мошенничество,7,http://q.044300.net/home.php?mod=space&uid=452974,"Сайт представляет собой форум, работающий на движке Discuz!. URL-адрес содержит подозрительные поддомены (q.044300.net), что может указывать на мошеннический ресурс или, по крайней мере, на сайт с низким уровнем безопасности. Сам по себе форум не является мошенническим, но его могут использовать для распространения вредоносных ссылок или фишинговых атак.  На скриншоте виден запрос на создание профиля Chrome, что само по себе не является мошенничеством, но может быть использовано в фишинговых схемах.  Контента 18+ не обнаружено.  Опасность представляет не сам сайт, а потенциальное использование его мошенниками.",044300.net,Профиль turkeyheron56 - Pinglu Micro Alliance - Работает на Discuz!
мошенничество,7,https://clients1.google.ru/url?q=https%3A%2F%2Fclicks.trx-hub.com%2Fxid%2Fcbsint_a10ef_cbsnews%3Fq%3Dhttps%253A%252F%252Fwww.kibrispdr.org%252Fbuku-mimpi-2d-bawang-merah.html%26p%3Dhttps%253A%252F%252Fwww.cbsnews.com%252Fnews%252Fwhats-the-maximum-you-should-spend-on-long-term-care-insurance-what-experts-say%252F%26event_type%3Dclick%26article_id%3D55aed0aa-158e-4685-ab91-1b028b800e5d,"Ссылка указывает на страницу с перенаправлением, которая ведет на статью о том, как получить прибыль от аварийных юристов.  В URL-адресе присутствует подозрительный поддомен `clicks.trx-hub.com`,  а сам URL очень длинный и зашифрованный.  Наличие сервиса сокращения ссылок (`clients1.google.ru/url?q=...`) также вызывает подозрение.  Сайт, на который происходит переадресация (`www.kibrispdr.org/buku-mimpi-2d-bawang-merah.html`), по своему названию и содержанию (судя по части адреса) не выглядит мошенническим, но его контекст в данной цепочке ссылок вызывает вопросы.  Контента 18+ нет.  В целом, из-за сложной цепочки перенаправлений и использования сервиса сокращения ссылок, а также подозрительного домена в URL, можно предположить, что это потенциально мошеннический сайт или, по крайней мере, сайт с сомнительной репутацией,  цель которого —  скрыть настоящий URL.

",google.ru,Уведомление о перенаправлении
мошенничество,7,http://cse.google.dk/url?q=https%3A%2F%2Fclicks.trx-hub.com%2Fxid%2Fcbsint_a10ef_cbsnews%3Fq%3Dhttps%253A%252F%252Fwww.kibrispdr.org%252Fbuku-mimpi-2d-bawang-merah.html%26p%3Dhttps%253A%252F%252Fwww.cbsnews.com%252Fnews%252Fwhats-the-maximum-you-should-spend-on-long-term-care-insurance-what-experts-say%252F%26event_type%3Dclick%26article_id%3D55aed0aa-158e-4685-ab91-1b028b800e5d,"Сайт является промежуточной страницей перенаправления с коротким URL, предоставленным Google.  Целевой URL содержит ссылку на сайт `kibrispdr.org`, который кажется подозрительным из-за своего названия и контекста (буквы в URL выглядят как возможная попытка обмануть пользователя, замаскировав реальный контент).  Также, ссылка перенаправляет через `clicks.trx-hub.com`, что является сервисом сокращения ссылок, что само по себе не является гарантией мошенничества, но повышает подозрения.  В целом, из-за неясности целевого URL и использования сервиса сокращения ссылок, существует вероятность мошенничества или наличия контента 18+.",google.dk,Уведомление о перенаправлении
мошенничество,7,https://hid-bulbs40617.vblogetin.com/37880766/the-great-things-about-federal-offender-appeal-lawyers-in-legitimate-defense,"URL адрес сайта выглядит подозрительно.  Поддомен `hid-bulbs40617.vblogetin.com` не похож на легитимный.  Домен `vblogetin.com` также не внушает доверия.  Название сайта (`Преимущества адвокатов по апелляциям федеральных правонарушителей в законной защите`) само по себе не указывает на мошенничество, но в сочетании с подозрительным URL адресом вызывает опасения.  Сайт содержит текстовый контент,  нет явных признаков контента 18+ или казино.  Однако,  высокая вероятность того, что это может быть сайт, созданный для SEO-манипуляций или для распространения вредоносного ПО.  Отсутствие  известных брендов  и сомнительное название поддомена,  указывает на потенциальную опасность. ",vblogetin.com,Преимущества адвокатов по апелляциям федеральных правонарушителей в законной защите
мошенничество,7,http://Me.Lkii.Ub.Liudok.B.Lea.D.I%40Sorina.Viziru.7%40E.Xped.It.Io.N.Eg.D.G%40Burton.Rene@wellho.net/test.php?a%5B%5D=%3Ca+href%3Dhttps%3A%2F%2Fwww.pokertube.com%2F%3Epoker+online+free%3C%2Fa%3E%3Cmeta+http-equiv%3Drefresh+content%3D0%3Burl%3Dhttps%3A%2F%2Fwww.pokertube.com%2F+%2F%3E,"URL содержит подозрительную длинную строку, которая маскирует ссылку на `pokertube.com`.  Сайт `pokertube.com` сам по себе не является мошенническим, это сайт, посвященный покеру,  но  маскировка ссылки указывает на попытку обмана пользователя.  На скриншоте изображена страница сайта, которая не содержит явных признаков мошенничества (например, запросов на оплату или фишинговых форм), но сам способ перехода на неё вызывает подозрение.  Контент сайта не содержит 18+ материалов. ",Rene@wellho.net,phpinfo()
мошенничество,7,https://prawojazdy48798.blogars.com/30717101/why-we-are-in-love-with-buy-a-copyright-with-code-95-and-you-should-also,"Сайт размещен на поддомене blogars.com, что само по себе не является признаком мошенничества, но указывает на то, что это скорее всего блог или личный сайт, а не крупная компания.  Название сайта содержит случайную последовательность цифр (prawojazdy48798), что выглядит подозрительно.  Заголовок статьи (""Почему мы любим купить авторское право с кодом 95 (и вам тоже стоит это сделать!)"") намекает на возможную продажу чего-либо, что требует осторожности.  Сам сайт выглядит довольно просто, без явных признаков мошенничества, таких как всплывающие окна или агрессивные запросы на оплату. Однако, отсутствие какой-либо информации о владельце сайта и его деятельности вызывает подозрение.  Контент не содержит 18+ материала.  В целом, сайт вызывает осторожность из-за своего подозрительного URL и неясной тематики.  Необходимо проявить крайнюю осторожность при взаимодействии с этим сайтом. ",blogars.com,Почему мы любим купить авторское право с кодом 95 (и вам тоже стоит это сделать!)
мошенничество,7,http://www.hpa.org.cn/goto.php?url=https://montorestaurantdublin.com/,"Начальная страница представляет собой промежуточный редирект с адресом `http://www.hpa.org.cn/goto.php?url=https://montorestaurantdublin.com/`.  Сам сайт `hpa.org.cn`  не вызывает подозрений, но использование `goto.php`  указывает на потенциальное использование для скрытия конечного URL. Конечный URL `montorestaurantdublin.com`  звучит как легитимный ресторан в Дублине, но это не гарантирует его безопасности. Отсутствие информации на начальной странице, кроме объявления о перенаправлении, вызывает подозрение.  Необходимо проверить конечный сайт после перенаправления, чтобы сделать окончательное заключение. На текущем этапе есть признаки потенциального мошенничества из-за скрытого перенаправления.",org.cn,автоматический прыжок через 5 секунд...
18+,7,https://www.chatturb.com/htmls/65.html,"Сайт `https://www.chatturb.com/htmls/65.html` отображает страницу с предупреждением о том, что доступ к контенту разрешен только лицам старше 18 лет.  Наличие такой страницы указывает на то, что сайт содержит контент для взрослых (18+).  В URL-адресе нет явных признаков мошенничества, таких как подозрительные поддомены. Однако сам сайт относится к категории сайтов для взрослых, что может представлять определённую опасность, в зависимости от законодательства вашей юрисдикции и ваших личных убеждений.  Сайт не выглядит как мошеннический в смысле обмана покупателей или подделки известных брендов. ",chatturb.com,белинда видео порно – Chatturb
мошенничество,7,https://diendan.amtech.vn/proxy.php?link=https://xn--niedlichfranzsischebulldoggenwelpen-0qd.de/,"Сайт `diendan.amtech.vn/proxy.php?link=https://xn--niedlichfranzsischebulldoggenwelpen-0qd.de/`  является внешним перенаправлением с amtech.vn на сайт `xn--niedlichfranzsischebulldoggenwelpen-0qd.de`.  Адрес `amtech.vn` выглядит легитимным, но он всего лишь выступает в роли прокси для перенаправления на другой сайт.  Сам домен `xn--niedlichfranzsischebulldoggenwelpen-0qd.de`  использует Punycode, что само по себе не является признаком мошенничества, но часто используется мошенниками для маскировки подозрительных доменов.  Название домена переводится как ""милые французские бульдоги щенки"", что намекает на продажу животных.  Без просмотра целевого сайта  `xn--niedlichfranzsischebulldoggenwelpen-0qd.de`  невозможно с уверенностью сказать, является ли он мошенническим или нет. Однако, сам факт перенаправления через proxy.php вызывает подозрение.  На странице перенаправления нет никаких признаков 18+ контента, казино или розыгрышей.


",amtech.vn,Внешнее перенаправление | amtech.vn - Отвечаем на вопросы о технологиях
казино,7,https://jakartamaketstudio.com/search/judi+togel+4d,"Сайт jakartamaketstudio.com отображает результаты поиска по запросу ""judi togel 4d"", что переводится как ""азартные игры тото 4d"".  Хотя сам сайт кажется легитимным по дизайну (предлагает услуги по созданию макетов), запрос пользователя указывает на азартные игры, что является признаком потенциального мошенничества или, по крайней мере,  связи с контентом, который может быть использован для мошеннических целей.  URL-адрес не содержит подозрительных поддоменов. Однако, контекст поиска, явно указывающий на азартные игры, вызывает опасения. Сайт сам по себе не содержит 18+ контента, но тематика поиска на нём делает его потенциально опасным. ",jakartamaketstudio.com,Вы искали 4d лотерея азартные игры - JAKARTA MAKET STUDIO
мошенничество,7,https://jisuzm.com/home.php?mod=space&uid=5755294,"Сайт представляет собой страницу профиля пользователя на платформе, похожей на форум или социальную сеть.  URL-адрес содержит подозрительные параметры (`mod=space&uid=5755294&usid=26&utid=9972199659`), что характерно для спам-ссылок или фишинговых попыток.  Сам сайт не содержит явного контента 18+,  но его дизайн прост и не внушает доверия.  Отсутствуют признаки онлайн-казино или розыгрышей.  Однако,  сам факт нестандартного URL-адреса и отсутствие видимого функционала сайта кроме пользовательского профиля вызывает подозрения.  Вероятность мошенничества нельзя исключать.

",jisuzm.com,
мошенничество,7,http://co001r.itsix.kr/bbs/board.php?bo_table=free&wr_id=77200,"URL `http://co001r.itsix.kr/bbs/board.php?bo_table=free&wr_id=77200` ведет на сайт `pangx2.com/info/exceedtraffic/`, который отображает сообщение о превышении трафика.  Адрес выглядит подозрительно, особенно часть `co001r.itsix.kr`.  Это не известный домен верхнего уровня, и он не ассоциируется ни с какими известными легитимными сайтами. Сообщение о превышении трафика может быть способом скрыть настоящий контент сайта или быть частью фишинговой атаки.  На сайте отсутствует контент 18+, азартные игры или какие-либо явные признаки мошенничества, такие как запросы оплаты. Однако подозрительный URL вызывает опасения. ",itsix.kr,Пангкс2
мошенничество,7,http://www.sollcs31.com/#/,"Сайт запрашивает дополнительную проверку безопасности через hCaptcha.  Это может быть мерой предосторожности от спама и вредоносных ботов, но сам по себе URL-адрес выглядит подозрительно (sollcs31.com).  Отсутствие известного бренда или узнаваемой структуры домена вызывает опасения.  На сайте нет явных признаков мошенничества, таких как предложения оплаты или азартных игр. Контента 18+ не обнаружено.  Однако,  необычный URL и необходимость прохождения проверки безопасности увеличивает вероятность мошенничества.  Необходимо проявлять осторожность.",sollcs31.com,
мошенничество,7,https://www.pdc.edu/?URL=http://ezproxy.cityu.edu.hk/login?url=https://expressdeutschekartes.com/,"Сайт `https://expressdeutschekartes.com/` недоступен напрямую, так как происходит перенаправление через `ezproxy.cityu.edu.hk`.  Это может быть легитимным действием (например, доступ к ресурсу через прокси-сервер университета), но требует дальнейшей проверки.  Сам URL `expressdeutschekartes.com` выглядит подозрительно:  ""express deutsche kartes""  переводится как ""экспресс немецкие карты"", что может указывать на продажу поддельных документов или услуг, связанных с немецкими документами. Отсутствие информации о сайте затрудняет окончательную оценку. Однако, перенаправление через прокси-сервер образовательного учреждения на сайт с таким названием вызывает подозрение.  Дополнительная проверка необходима для определения его истинного характера. ",pdc.edu,Перенаправление | ExpressionEngine
казино,7,http://123hpc0m.com/get_video/aHR0cHM6Ly9hdmFudGlzdmVyb25hLmNvbS8/,"Сайт представляет собой онлайн-казино, предлагающее игры в слоты.  URL-адрес не вызывает подозрений, но тематика сайта явно указывает на азартные игры.  Название сайта и его содержание указывают на то, что это платформа для онлайн-гемблинга.  На сайте нет явных признаков мошенничества в стиле ""вы оплатили, отправьте деньги"", но сам по себе характер деятельности сайта (онлайн-казино) сопряжен с рисками, связанными с финансовыми потерями и зависимостью. ",123hpc0m.com,"MADU303: последняя на сегодня ссылка на сайт онлайн-слота Gacor, легко выиграть"
мошенничество,7,http://wdw360.com/proxy.php?link=https://www.xn--cartoexpressodeportugal-96b.com/,"Сайт wdw360.com выступает в роли прокси-сервера, перенаправляющего на другой сайт — xn--cartoexpressodeportugal-96b.com.  Сам wdw360.com выглядит как легитимный форум, посвящённый Disney, но его функция перенаправления вызывает подозрение.  URL xn--cartoexpressodeportugal-96b.com использует Punycode, что часто встречается в мошеннических сайтах, пытающихся замаскировать подозрительный домен.  Без посещения xn--cartoexpressodeportugal-96b.com нельзя точно определить его природу, однако сам факт перенаправления через wdw360.com повышает уровень осторожности.  Не обнаружено контента 18+.  Пока нет информации о мошенничестве, но риск высок из-за использования Punycode в целевом URL. ",wdw360.com,Внешняя переадресация | WDW360.com — ваш 360°-обзор всех вещей Disney
казино,7,https://wavedream.wiki/index.php/%C3%90%C5%B8%C3%90%C2%BE%C3%91%E2%80%A1%C3%90%C2%B5%C3%90%C2%BC%C3%91%C6%92_%C3%90%E2%80%94%C3%90%C2%B5%C3%91%E2%82%AC%C3%90%C2%BA%C3%90%C2%B0%C3%90%C2%BB%C3%90%C2%B0_%C3%90%C5%BE%C3%91%E2%80%9E%C3%90%C2%B8%C3%91%E2%80%A0%C3%90%C2%B8%C3%90%C2%B0%C3%90%C2%BB%C3%91%C5%92%C3%90%C2%BD%C3%90%C2%BE%C3%90%C2%B3%C3%90%C2%BE_%C3%90%C2%A1%C3%90%C2%B0%C3%90%C2%B9%C3%91%E2%80%9A%C3%90%C2%B0_%C3%90%C3%90%C2%B5%C3%90%C2%B7%C3%90%C2%B0%C3%90%C2%BC%C3%90%C2%B5%C3%90%C2%BD%C3%90%C2%B8%C3%90%E2%80%B9_%C3%90%E2%80%9D%C3%90%C2%BB%C3%91_%C3%90%C3%A2%E2%82%AC%E2%84%A2%C3%91%C3%90%C2%B5%C3%91%E2%80%A6_%C3%90%C5%B8%C3%90%C2%BE%C3%90%C2%BB%C3%91%C5%92%C3%90%C2%B7%C3%90%C2%BE%C3%90%C2%B2%C3%90%C2%B0%C3%91%E2%80%9A%C3%90%C2%B5%C3%90%C2%BB%C3%90%C2%B5%C3%90%C2%B9,"Сайт wavedream.wiki представляет собой вики-сайт, посвящённый, судя по тексту на скриншоте, онлайн-казино и способам обхода блокировок доступа к ним.  URL-адрес не выглядит подозрительным, хотя  "".wiki"" может использоваться мошенниками.  Однако, сам контент сайта напрямую связан с онлайн-казино, что является признаком потенциальной опасности.  Текст на скриншоте описывает ""зеркала"" – это дубликаты сайтов, используемые для обхода блокировок.  На сайте нет явных признаков мошенничества вроде запроса платежей или лотерей, но тематика сайта сама по себе рискованна, так как связана с азартными играми.  Контент 18+ отсутствует.  ",wavedream.wiki,- - WaveDream вики
мошенничество,7,https://www.google.nl/url?q=https://www.pokertube.com/,"Сайт google.nl перенаправляет на https://www.pokertube.com/.  Сам google.nl выглядит легитимно, однако целевой URL вызывает подозрения.  Название  ""pokertube"" и тематика (покер)  наводят на мысль о возможном наличии контента для взрослых или азартных игр.  Необходимо проверить целевой сайт на наличие мошеннических элементов,  таких как запросы на оплату без предоставления товаров/услуг,  поддельные лотереи или другие признаки обмана.  Переход на pokertube.com без проверки может быть опасен.",google.nl,Уведомление о перенаправлении
мошенничество,5,https://disdikbud.sragenkab.go.id/app/?google=taruhancash,"URL-адрес `https://disdikbud.sragenkab.go.id/app/?google=taruhancash`  на первый взгляд выглядит как часть легитимного правительственного сайта (`disdikbud.sragenkab.go.id`),  но параметр `?google=taruhancash` вызывает подозрение.  Слово ""taruhancash""  похоже на термин, связанный с азартными играми (ставка, деньги).  Сам сайт выдает ошибку ""Forbidden"", что может означать, что доступ к этому конкретному ресурсу ограничен, или что сам ресурс временно недоступен.  Однако, контекст запроса (""taruhancash"") предполагает возможную связь с нелегальными азартными играми.  В виду этого,  я не могу с уверенностью сказать, что это мошеннический сайт, но из-за подозрительного параметра в URL и отсутствия доступа к ресурсу, я бы оценил риск как умеренный.


",go.id,
мошенничество,5,https://paaostlt.ink/ZU04rxA,"Сайт `paaostlt.ink/ZU04rxA`  возвращает ошибку 404 (""Страница не найдена"").  Это само по себе не указывает на мошенничество, но и не говорит о легитимности.  URL-адрес выглядит подозрительно из-за использования короткого домена `.ink` и случайного набора символов в конце.  Отсутствует какая-либо информация о содержании сайта, так как он недоступен.  Без доступа к содержимому невозможно определить наличие контента 18+ или признаков мошенничества, таких как предложения азартных игр или фишинговые формы.  Однако, короткий URL и ошибка 404  наводят на подозрения.  Вероятность мошенничества нельзя исключить. ",paaostlt.ink,
мошенничество,5,https://hudsonltd.com/?URL=bizbi.ru,"Сайт `hudsonltd.com/?URL=bizbi.ru` является сайтом-перенаправителем.  Сам по себе он не содержит мошеннического контента или контента 18+, но перенаправляет на `http://bizbi.ru`. Без доступа к целевому сайту `bizbi.ru` невозможно оценить его безопасность.  URL `hudsonltd.com` не вызывает подозрений, но использование перенаправления может указывать на попытку скрыть истинное назначение ссылки.  Необходимо проверить `bizbi.ru` отдельно.  Пока что я могу только оценить `hudsonltd.com` как потенциально опасный из-за использования перенаправления. ",hudsonltd.com,Перенаправить
казино,3,http://roll-express.ruwww.quilt-blog.de/serendipity/exit.php?url=aHR0cHM6Ly9oaWdoc3Rha2VzZGIuY29tLw,"Сайт highstakesdb.com — это агрегатор онлайн-казино.  Он предоставляет информацию о различных онлайн-казино, предлагая бонусы и другие акции. Сам по себе сайт не является казино, но рекламирует азартные игры. URL-адрес выглядит легитимным, хотя домен относительно новый (судя по дате основания, указанной на сайте). Нет признаков мошенничества в прямом смысле (как, например, поддельная страница входа в систему или фишинговые попытки).  Однако,  сайт связан с азартными играми, что может быть рискованно для некоторых пользователей.  Контент сайта не содержит явной 18+ информации, хотя тематика азартных игр может быть ограничена по возрасту в некоторых юрисдикциях. ",quilt-blog.de,"HighStakesDB - 💎 High Stakes Poker, новости, предложения"
казино,3,http://B.O.Nanz.Ajhrw@www.theleagueonline.org/php.php?a%5B%5D=%3Ca+href%3Dhttps%3A%2F%2Fhighstakesdb.com%2F%3EHighStakesDB%3C%2Fa%3E%3Cmeta+http-equiv%3Drefresh+content%3D0%3Burl%3Dhttps%3A%2F%2Fhighstakesdb.com+%2F%3E,"Сайт highstakesdb.com представляет собой агрегатор онлайн-казино. Он отображает различные онлайн-казино и предлагает бонусы за депозит.  URL-адрес выглядит легитимно, хотя и не является непосредственно адресом самого казино, а скорее агрегатором.  На сайте отсутствует контент 18+ в явном виде, хотя тематика азартных игр может подразумевать возрастные ограничения. Сайт не запрашивает платежи напрямую, но ссылки ведут на сайты онлайн-казино, которые сами по себе могут представлять определённую степень риска.",theleagueonline.org,phpinfo()
казино,3,https://shikhadabas.com/2025/01/04/triple-your-outcomes-at-watch-free-poker-tv-shows-in-half-the-time/,"Сайт shikhadabas.com содержит статью о рулетке, описывающую её как захватывающую онлайн-игру на деньги. Текст акцентирует внимание на выигрышах и потенциале обогащения.  URL-адрес не выглядит подозрительно, хотя и содержит дату в пути.  Сам сайт выглядит как блог или новостной ресурс, нет явных признаков мошенничества, таких как всплывающие окна или запросы на оплату. Однако, тематика статьи (азартные игры) может быть расценена как потенциально опасная, так как сайты, связанные с азартными играми, часто используются для мошенничества.  Контента 18+ не обнаружено.",shikhadabas.com,"Утройте свои результаты, смотрите бесплатные покерные телешоу за половину времени - Shikha Dabas"
мошенничество,3,https://www.camchatadult.com/movies/28.html,"Сайт представляет собой сервис сокращения ссылок - short-link.me.  Сам по себе он не содержит ничего мошеннического,  порнографического или контента 18+.  Однако,  сервисы сокращения ссылок часто используются мошенниками для маскировки вредоносных ссылок.  Поэтому,  необходимо проявлять осторожность и не переходить по ссылкам, сокращенным на данном сайте,  если вы не уверены в их безопасности. URL адрес выглядит легитимно, но сам факт, что это сервис сокращения ссылок, представляет потенциальную угрозу.",camchatadult.com,kalee hunter порно видео – Cam Chat Adult
мошенничество,3,https://mozillabd.science/wiki/Ritchieritter7506,"Сайт выглядит как вики-страница, возможно, созданная пользователем.  URL-адрес содержит подозрительный поддомен ""science"" вместо ожидаемого домена, связанного с фондом Mozilla.  Заголовок страницы ""Ritchieritter7506"" также не похож на легитимное название страницы фонда Mozilla.  Содержание страницы посвящено получению водительских прав категории B, что не имеет прямого отношения к деятельности фонда Mozilla.  Сайт не содержит 18+ контент, казино или розыгрышей. Нет явных признаков мошенничества, таких как запросы оплаты или подозрительные ссылки. Однако, нетипичный URL и содержание, не соответствующее названию, наводят на подозрения о нелегитимности.  ",mozillabd.science,Ritchieritter7506 - Фонд Mozilla
18+,3,https://day-mccurdy.mdwrite.net/how-to-date-a-cuckold-embracing-the-power-of-mutual-understanding,"Сайт недоступен, выводится сообщение ""503 Service Temporarily Unavailable"".  URL-адрес содержит поддомен `mdwrite.net`, что само по себе не является признаком мошенничества, но и не указывает на легитимность. Заголовок страницы (""how-to-date-a-cuckold-embracing-the-power-of-mutual-understanding"")  намекает на тематику для взрослых.  Ввиду недоступности сайта невозможно оценить его содержимое полностью. Однако, исходя из заголовка,  можно предположить присутствие контента 18+.",mdwrite.net,
мошенничество,3,http://www.jsgml.top/bbs/home.php?mod=space&uid=476485,"Сайт представляет собой профиль пользователя на форуме, работающем на движке Discuz!.  URL-адрес содержит подозрительный домен `jsgml.top`.  Сам сайт не демонстрирует явных признаков мошенничества, таких как запросы на оплату или ссылки на азартные игры.  Контент сайта не содержит материалов 18+. Однако, подозрительный домен и неизвестный форум вызывают опасения. Нельзя исключить, что форум может быть использован для мошеннических целей или распространения вредоносного ПО. ",jsgml.top,Профиль closecougar80 - Волшебные старые времена - При поддержке Discuz!
казино,3,http://To.M.M.Y.Bye.1.2@zvanovec.net/phpinfo.php?a%5B%5D=%3Ca+href%3Dhttps%3A%2F%2Fhighstakesdb.com%2F%3Esite+Poker%3C%2Fa%3E%3Cmeta+http-equiv%3Drefresh+content%3D0%3Burl%3Dhttps%3A%2F%2Fhighstakesdb.com%2F+%2F%3E,"Сайт highstakesdb.com — это агрегатор онлайн-казино.  На сайте представлены обзоры и рекламные предложения различных онлайн-казино, включая  HighStakes, Lala-bet и Trust Dice.  URL-адрес выглядит легитимным, хотя и содержит только домен верхнего уровня (нет подозрительных поддоменов).  Сайт не содержит явных признаков мошенничества, таких как просьбы о предоплате или фишинговые ссылки.  Однако сам по себе характер деятельности сайта (реклама онлайн-казино)  сопряжен с рисками.  Сайт не содержит контент 18+, но тематика азартных игр может считаться  нежелательной для некоторых пользователей.",2@zvanovec.net,phpinfo()
мошенничество,3,https://www.zidnilovefahri.xyz/?Dear=Shelly+Dina+Aufa+Choirunnisa,"Сайт `https://www.zidnilovefahri.xyz/?Dear=Shelly+Dina+Aufa+Choirunnisa` имеет подозрительный URL-адрес, который содержит `.xyz` домен, который часто используется мошенниками.  Название сайта (""Zidni и Fahri"") не указывает на конкретный продукт или услугу. Текст на странице приветствия (""Assalamu'alaikum"", ""Gimana nih kabarnya?"") скорее всего на индонезийском языке и обещает викторину. При этом нет никаких явных признаков мошенничества, таких как запросы на оплату или ссылки на азартные игры. Однако, неизвестность целей сайта и подозрительный URL вызывают опасения.  На сайте отсутствует контент 18+.  Необходимо проявлять осторожность.  ",zidnilovefahri.xyz,Зидни и Фахри
казино,2,https://www.pokervip.com/,"Сайт pokervip.com предлагает сделки и рейкбек для онлайн-покера.  На сайте есть ссылка на Betsson, известную компанию в сфере онлайн-гемблинга.  URL-адрес выглядит легитимным, без подозрительных поддоменов или символов.  Сам сайт не содержит явно мошеннических элементов, таких как запросы на оплату или всплывающие окна с ложными обещаниями.  Однако, сайт связан с азартными играми. Контента 18+ не обнаружено, за исключением того, что тематика сайта предполагает, что аудитория будет старше 18 лет. ",pokervip.com,"PokerVIP - 📚 Стратегия онлайн-покера, советы, рейкбек и бонусы"
неизвестно,0,http://www.scielo.org.co/pdf/clin/n30/0121-053X-clin-30-00211.pdf,"Я не могу получить доступ к сайту по предоставленному URL.  Попытка загрузки PDF-файла с сайта scielo.org.co завершилась ошибкой ""ERR_CONNECTION_TIMED_OUT"". Это означает, что соединение с сервером было прервано из-за превышения времени ожидания.  Без доступа к содержимому сайта я не могу определить его тип или уровень опасности.  URL-адрес, хотя и выглядит как адрес научного журнала, может быть подделан или временно недоступен.

",org.co,
Неизвестно,0,https://smiletex.ee/?s=dave&post_type=product&product_cat=0,"Я не могу получить доступ к сайту `smiletex.ee/?s=dave&post_type=product&product_cat=0`.  Поэтому не могу определить его тип и оценить опасность.  Сообщение об ошибке указывает на проблему с подключением, а не на  какие-либо особенности самого сайта.  Попытка загрузить страницу не удалась.  ",smiletex.ee,
неизвестно,0,https://informatic.wiki/wiki/10_Failing_Answers_To_Common_Washington_Mesothelioma_Lawyer_Questions_Do_You_Know_The_Correct_Answers,"Сайт informatic.wiki недоступен. Невозможно определить его тип и оценить уровень опасности, так как страница не загрузилась.  Попытка доступа к URL привела к сообщению об ошибке ""ERR_NAME_NOT_RESOLVED"", что означает, что DNS не смог найти IP-адрес для данного доменного имени.  Это может быть связано с техническими проблемами на стороне сайта, или же доменное имя может быть недействительным.",informatic.wiki,
неизвестно,0,https://www.valeriarp.com.tr/index.php?action=profile;u=168659,"Не удалось получить доступ к сайту `https://www.valeriarp.com.tr/index.php?action=profile;u=168659`.  Поэтому я не могу оценить его содержание.  URL-адрес выглядит относительно обычным, но без доступа к сайту невозможно определить его тип и уровень опасности.  Возможно, сайт временно недоступен, либо указан некорректный адрес. ",com.tr,
неизвестно,0,https://www.investgoldenvisa.com/,"Я не могу получить доступ к сайту по адресу `https://www.investgoldenvisa.com/`.  Поэтому я не могу определить его тип и степень опасности.  Сообщение об ошибке указывает на проблему с разрешением доменного имени (ERR_NAME_NOT_RESOLVED), что может быть связано с проблемами на стороне сервера, а не обязательно с мошенничеством.  Однако, отсутствие возможности доступа к сайту не позволяет мне провести полноценный анализ. ",investgoldenvisa.com,
